ITSS team was quick to respond when needed to get items changed or updated or completed in a timely manner.,quick implement project,the team particip craft implement process evolv improv variou migrat phase
Several team members became knowledgeable of the marketing system so that implementations could go faster despite issues with the consultants.,willing coloc campus design session,good coordin among team member the team member transpar hardwork good sen respons
The business need was met - no errors from business processes. There is a significant reduction in real-time errors.,user use it train room dedic test train time,meet email use
a. Good coordination among team members. The team members were transparent and hardworking with a good sense of responsibilities,an effect strategi put place upgrad quikpay aid implement anonym node basic authent,good coordin among team member the use checklist inform share feedback collabor help team remov roadblock achiev project goal
IT secutity captured logs for analysis and issues resolution,cross function busi user help answer question assist verifi test data get involv meet explain project function benefit,the technic team alway avail provid need support user migrat
"Take advantage of tools available - meetings (regular, adhoc), emails. Identify team members that need to be in the loop.",dlp help meet state texa requir contribut matur secur program level level,collabor willing complet task
"Successfully designed and implemented EDI auto load, matching, & indexing.",a good commun plan creat notifi user migrat expect chang,team work
The expertise and timely response of Nelnet supported getting the functionalities to work with the Integration Broker.,the schedul flexibl intern team nelnet side accommod requir implement,it team work togeth work troubleshoot get thing done move forward
Success attributed to teamwork and making sure everyone was on the same page. Project prioritization was key.,team cohes willing meet goal learn new methodolog,an effect strategi craft enrol particip optin offer mandatori servic target area
The team spend many hours searching for the best product that would meet the needs of all the colleges and admissions counselors.,team member commit right attitud excel problem solv approach led success implement solut,test scenario document discus busi vendor repres these also help develop test condit data
Team feels that the timeline for completion of project tasks were adequate. Business owner understood the concerns of technical team that go-live should take place when support team members are available and not over the weekend or holidays.,the team member leverag knowledg system improv exist process,the intern resourc work appsian duo gather document need implement
Cooperation and co-location between the Huron consultants and the development team helped to facilitate a sharp learning curve and produce quality enhancements in a previously unfamiliar PeopleSoft Module,excel technic architectur plan implement,effect coordin commun unt denton resourc hsc resourc it f huron consult
Approximately 800 users were successfully migrated to the cloud.,weekli gener report simplifi easi understand polici violat report realtim,engag particip team member valuabl
"Despite the turnover experienced during the project implementation, the team members were committed with the right attitudes.",team member commit right attitud led success implement solut,the team spent mani hour find solut salesforc replac peoplesoft crm
"a. Service documentation was completed before the implementation. The documents are SOP, SDP, Policy configuration, and communication plan.",custom need met team identifi area improv enhanc soon,an effect strategi craft enrol approxim employe
Team work with forward thinking,effect stakehold commun establish work group implement polici procedur,the team work close ei team implement chang
"Quality deliverables and training sessions, as well as end user teamwork to leverage previous expertise across implemented modules.",the team spend mani hour search best product would meet need technic team,success attribut teamwork vendor assist
The team obtained clear business user requirements and held business and technical reviews before implementing.,expertis crossfunct team member,uat train combin complet four week instead week
