,project involv think,ask question function offer system ass may taken scope work
"Engage BRM on any Level 3 or 4 project in the pipeline. Ask for ROM, ROI, Scope if available.",proactiv commun would allevi much confus surround reason suspens bill activ go,the team make use avail opportun meet make decis aid team dynam
"UAT window should be reasonable to perform relevant tests, fix bugs, and retest before go-live.",defin busi process earli stage project would provid clariti add valu everi step implement,make sure resourc overcommit get vendor state resourc level commit project fte figur for it resourc check resourc plan report avail andi novak pmo team
The team should adhere to the PMO's communication management plan.,escal better make realist schedul decis be honest workload much accomplish come month,aresourc assign issu team member inform issu owner
Negotiate test and production instances at the same time.,all stakehold identifi engag soon possibl,a review elicit requir need infrastructurerel project it secur consult review secur function guidanc
Create a group email account.,it effect requir filter current public inform consid pii,request deleg possibl if possibl build extra time
Create and enforce policies to help the right roles and responsibilities in authorization & systems access.,get detail requir effort vendor review academ calendar set project goliv date impact faculti student,ensur it pm assign project kickoff
Whitelist components/objects should be considered.,project team member especi develop team review agre upon name convers,use ibm certifi trainer
Determine Go-Live roles and responsibilities and ensure that the users ultimately responsible for a given task are performing that task in the Mock Conversions.,need test kind browser campu campu user other relev test case also includ,the project team work directli tier support onboard user troubleshoot issu howev clear document tier support need develop
Design systems to fit with long term organizational strategy.,confirm design paramet restrict design especi restrict prevent tradit design format effect,improv commun demand transpar detail get adequ inform
Ask the vendor for upcoming software upgrades.,the team adopt best practic area project manag understand role pm function,tri get busi resourc defin type info need requir gather plan offici start
Create requirements document and get signoff from UNTS and vendor before starting development work,need care written sow vendor commit amount onsit work commit billabl hour per week outlin plan nonperform do pay advanc servic sow retain power purs get vendor perform requir,the team need research method automat polici remov
Work more closely with the vendor to create the schedule to works best for all of us and work with vendor upfront to set guidelines and expectations.,technic issu aris prepar,establish relationship vendor even though engag thru busi side
Incompatible network devices led to call quality issues in some area. Standardized infrastructure should be recommended to support the solution and business goals.,make sure it understand futur may need involv item may need done work project start,train multipl employe new softwar
"The need and requirements for documentation should be part of the planning phase, and the owners should deliver and share the documents with the team.",each form need better set requir form could test approv effici if done better job document function requir lose function lead would slow u much,for chang go live date verifi timelin parti plan anyth around budget cycl
The project team worked with customers for flexible scheduling.,make sure ask name resourc contract statement unt must approv chang resourc project ongo,engag vendor earli understand capabl intend use desir function
"Documents such as Standard Operating Procedure (SOP) for new services, Service Design, Business Continuity Planning (BCP), and architecture diagrams should be produced.",establish front commit need area get commit resourc agreement proceed,train push back allow extend test time hindsight may effect conduct train earlier allow effici test
Ensure vendor resource availability and commitment for weekly status meeting before project kickoff,understand head time item may addit cost associ,effect chang manag commun
"Follow governance process; assign PM not later than Vendor engagement (this would allow PM to work with vendor and ITSS team to set schedule). Preferably, PM is assigned as soon as Demand is approved.",navig organiz chang better steer committe might mitig lot uncertainti indecis,have vendor servic hw vendor valid bill materi includ licens entitl have vendor train u licens entitl scheme understand licens gap
