,the project experienc resourc constraint throughout project,busi owner clear requir import go detail
"Be rigorous about governance. Legacy projects that have not gone through governance should have the supporting documentation a BRM normally provides: rationale, deadlines, planned ROI, ROM.",mani peopl awar agil work import keep consist use see detail project schedul,develop design overlap predict caus bottleneck effort began take longer anticip
Initial stages of end user testing relied on business process documents to guide users through processes which proved difficult to follow in an unfamiliar system,updat field automat updat name chang field work desir,infrastructur compat issu
No project team email account.,understand scope project,thi long project item need upcom event
"New fields were added without consulting the Registrar,",need plan it vendor resourc,lack clariti around project manag vendor relationship
Detail and clear requirements document were not created,sinc team pressur mani compet project facetofac meet would help bring everyth back perspect,delay critic decis make partli affect plan solut requir
LinkedIn CSM & Technical resource was not available for weekly team meeting,no clariti issu ownership,cogno train issu vendor equip
ITSS PM was not engaged from the beginning of the project.,data sourc connect problem,a lot item need done it understood ahead time
Vendor contact did not inform about external billing file integration that could be taken up at the same time. This integration was added later on.,need better defin set requir hr function lead also left near complet first draft form,balanc need busi commit project timelin
Frequent changes and insufficient communication to stakeholders,lack chang manag knowledg transit lap,august th goliv date optim right start fall semest
"Inconsitent naming convention (e.g., MFA/2FA)",lack commun grant offic sponsor depart bill payment activ blackout period,the estim hour complet given vendor origin realist time took complet le work origin set therefor scope reduc
LinkedIn technical team missed technical/configuration work or did not communicate UNTS team about after go-live user experience,there busi process document except one creat registrar team,pm assign late execut alreadi start
The scope was very broad with no real understanding of how much information was needed,datacomm engag earli,a key softwar updat push project
ABA routing number,actual vendor technic support vendor deliver fulli match it labor requir specifi sow,uat effect time short process well defin
"Vendor PM was the point of contact for all communications during testing. We feel that communication related to testing, file exchange, data validation could have been expedited if we could contact with assigned team member on that directly.",limit document,other depart engag project time greatli slow project
"Lack of understanding of system capabilities and functionalities. Needed to have a better understanding of system limitations.",vendor initi give u inform may need upfront work call slow process thing may right peopl call may info need track,storag costli salesforc
Timeline challenges,sever chang depart happen project,our mock convers util develop resourc built receiv payment interfac user access
Business need changes/service needs identification,broswer test includ test scenario,licens issu caus delay system configur
End-user lifecycle management,poor commun for exampl technic team member involv pdt discus,the resourc thought would project along begin given new resourc
"UNT Security proved to be more difficult than expected, leading to urgent requests and expedited testing",onedr polici limit,retrofit exist environ
Triage and training documentation for Tier 1 support,addit motio licens expens,sponsor chang bpi group shut chang hr leadership project
Whitelisting,lost resourc train cogno,pinacl integr high cost taken scope
